,Country,Income group,Region,Lending category,1987,1988,1989,1990,1991,1992,1993,1994,1995,1996,1997,1998,1999,2000,2001,2002,2003,2004,2005,2006,2007,2008,2009,2010,2011,2012,2013,2014,2015,2016,2017,2018,2019,2020
0,Aruba,High income,Latin America & Caribbean,,,10360.0,11760.0,12230.0,13190.0,13990.0,14620.0,15640.0,16230.0,16370.0,17220.0,17620.0,17880.0,20000.0,19170.0,17890.0,20070.0,22630.0,19200.0,23340.0,21680.0,25510.0,23770.0,22380.0,22450.0,23520.0,24510.0,25350.0,26560.0,26840.0,27120.0,,,
1,Afghanistan,Low income,South Asia,IDA,,,,,,,,,,,,,,,,,,,,,,,450.0,510.0,530.0,630.0,660.0,630.0,600.0,550.0,530.0,520.0,530.0,500.0
2,Angola,Lower middle income,Sub-Saharan Africa,IBRD,670.0,650.0,860.0,780.0,1380.0,1170.0,,330.0,440.0,320.0,450.0,410.0,330.0,360.0,390.0,590.0,710.0,1010.0,1370.0,1810.0,2460.0,3030.0,3170.0,3230.0,3410.0,4170.0,4780.0,5010.0,4520.0,3770.0,3450.0,3210.0,2970.0,2230.0
3,Albania,Upper middle income,Europe & Central Asia,IBRD,730.0,730.0,760.0,650.0,410.0,280.0,320.0,380.0,640.0,890.0,800.0,860.0,950.0,1100.0,1280.0,1370.0,1650.0,2100.0,2620.0,3050.0,3460.0,4030.0,4280.0,4360.0,4410.0,4360.0,4540.0,4540.0,4390.0,4320.0,4290.0,4860.0,5220.0,5210.0
4,Andorra,High income,Europe & Central Asia,,,,,,,,,,,,,,,,,,,,,,,,,,,,,,,,,,,
5,United Arab Emirates,High income,Middle East & North Africa,,,,,,,,,,,,,,,31400.0,31970.0,30940.0,32780.0,36160.0,37500.0,39380.0,39590.0,39910.0,35000.0,33400.0,35030.0,39220.0,42840.0,44330.0,42860.0,40570.0,39290.0,41470.0,43470.0,
6,Argentina,Upper middle income,Latin America & Caribbean,IBRD,3590.0,3960.0,2930.0,3190.0,3860.0,6070.0,7120.0,7620.0,7360.0,7740.0,8150.0,8030.0,7580.0,7470.0,7000.0,4040.0,3650.0,3370.0,4260.0,5480.0,6510.0,7670.0,7790.0,9270.0,10710.0,11870.0,12840.0,12330.0,12570.0,12220.0,13140.0,12370.0,11130.0,8930.0
7,Armenia,Upper middle income,Europe & Central Asia,IBRD,,,,,,310.0,360.0,400.0,470.0,520.0,560.0,590.0,610.0,660.0,710.0,800.0,960.0,1180.0,1540.0,2020.0,2760.0,3600.0,3340.0,3470.0,3530.0,3880.0,4110.0,4140.0,4010.0,3760.0,3950.0,4250.0,4680.0,4220.0
8,American Samoa,Upper middle income,East Asia & Pacific,,,,,,,,,,,,,,,,,,,,,,,,,,,,,,,,,,,
9,Antigua and Barbuda,High income,Latin America & Caribbean,IBRD,4880.0,6040.0,6450.0,6820.0,7230.0,7470.0,7960.0,8450.0,8140.0,8700.0,9080.0,9270.0,9610.0,10100.0,9850.0,9660.0,10530.0,11450.0,12420.0,13810.0,15090.0,15250.0,13600.0,12690.0,12370.0,12780.0,12620.0,12760.0,12850.0,13580.0,14320.0,15880.0,16160.0,14250.0
10,Australia,High income,East Asia & Pacific,,12530.0,14100.0,15560.0,17300.0,18190.0,18500.0,18860.0,18830.0,19250.0,20440.0,21900.0,21740.0,21430.0,21120.0,20110.0,19990.0,21120.0,25480.0,30310.0,34090.0,37300.0,42330.0,44050.0,46630.0,50320.0,60210.0,66020.0,65150.0,60500.0,54140.0,51560.0,53190.0,55100.0,53730.0
11,Austria,High income,Europe & Central Asia,,1000.0,1310.0,1400.0,1500.0,1580.0,1780.0,1810.0,1900.0,2050.0,2190.0,2150.0,2030.0,2860.0,5380.0,25320.0,25030.0,28100.0,33850.0,38770.0,41500.0,44540.0,49210.0,49150.0,49750.0,50700.0,50100.0,50720.0,50390.0,47480.0,46240.0,45090.0,49090.0,51440.0,
12,Azerbaijan,Upper middle income,Europe & Central Asia,IBRD,,,,,,,,80.0,180.0,240.0,410.0,510.0,570.0,610.0,650.0,710.0,810.0,940.0,1270.0,1900.0,2710.0,3870.0,4790.0,5370.0,5460.0,6410.0,7410.0,7690.0,6570.0,4760.0,4090.0,4060.0,4490.0,4450.0
13,Burundi,Low income,Sub-Saharan Africa,IDA,260.0,250.0,230.0,220.0,220.0,210.0,180.0,160.0,150.0,140.0,150.0,150.0,140.0,130.0,130.0,130.0,120.0,120.0,140.0,150.0,170.0,190.0,200.0,220.0,230.0,250.0,260.0,260.0,260.0,270.0,280.0,280.0,280.0,270.0
14,Belgium,High income,Europe & Central Asia,,320.0,420.0,450.0,480.0,510.0,570.0,580.0,620.0,670.0,710.0,710.0,660.0,960.0,1940.0,24460.0,24060.0,27100.0,32910.0,37780.0,39940.0,42740.0,46570.0,46980.0,47080.0,46490.0,47130.0,47900.0,47820.0,45570.0,43400.0,42510.0,46110.0,48010.0,
15,Benin,Lower middle income,Sub-Saharan Africa,IDA,310.0,360.0,340.0,370.0,380.0,370.0,380.0,330.0,360.0,350.0,380.0,370.0,410.0,480.0,530.0,530.0,600.0,730.0,820.0,860.0,920.0,1030.0,1090.0,1080.0,1090.0,1120.0,1220.0,1270.0,1180.0,1110.0,1090.0,1200.0,1250.0,1280.0
16,Burkina Faso,Low income,Sub-Saharan Africa,IDA,270.0,330.0,330.0,330.0,360.0,370.0,360.0,280.0,250.0,250.0,250.0,250.0,270.0,270.0,280.0,270.0,320.0,390.0,460.0,490.0,510.0,570.0,610.0,650.0,680.0,730.0,770.0,760.0,700.0,680.0,670.0,750.0,780.0,790.0
17,Bangladesh,Lower middle income,South Asia,IDA,280.0,290.0,300.0,320.0,320.0,330.0,320.0,320.0,340.0,370.0,400.0,420.0,420.0,440.0,440.0,440.0,460.0,510.0,550.0,570.0,610.0,660.0,730.0,800.0,890.0,970.0,1040.0,1110.0,1220.0,1370.0,1520.0,1750.0,1940.0,2010.0
18,Bulgaria,Upper middle income,Europe & Central Asia,IBRD,2720.0,3110.0,2830.0,2250.0,1620.0,1430.0,1250.0,1240.0,1520.0,1590.0,1460.0,1440.0,1480.0,1660.0,1770.0,1970.0,2370.0,3060.0,3800.0,4300.0,4810.0,6070.0,6670.0,6940.0,7220.0,7440.0,7590.0,7740.0,7450.0,7430.0,7640.0,8560.0,9570.0,9540.0
19,Bahrain,High income,Middle East & North Africa,,7700.0,7800.0,7660.0,9070.0,9800.0,9890.0,10030.0,9680.0,10380.0,10790.0,10310.0,10070.0,9870.0,10940.0,11500.0,12060.0,12940.0,14570.0,16550.0,17890.0,19660.0,20860.0,18830.0,18970.0,18160.0,22010.0,23790.0,24070.0,22580.0,21570.0,21250.0,21910.0,22170.0,
20,Bahamas,High income,Latin America & Caribbean,,10800.0,11710.0,12440.0,11870.0,11330.0,11550.0,11310.0,11600.0,14260.0,15930.0,15180.0,16810.0,24150.0,26360.0,26560.0,27190.0,27770.0,29270.0,30570.0,30760.0,31090.0,30960.0,29010.0,28370.0,28030.0,29020.0,28440.0,28000.0,28400.0,29210.0,30900.0,31990.0,33460.0,27780.0
21,Bosnia and Herzegovina,Upper middle income,Europe & Central Asia,IBRD,,,,,,,,,,760.0,1010.0,1330.0,1400.0,1490.0,1600.0,1770.0,2040.0,2590.0,3180.0,3510.0,3920.0,4730.0,4970.0,4960.0,5010.0,4990.0,5270.0,5300.0,5210.0,5130.0,5120.0,5750.0,6180.0,6090.0
22,Belarus,Upper middle income,Europe & Central Asia,IBRD,,,,,,6230.0,,5190.0,2180.0,1510.0,1520.0,1550.0,1410.0,1380.0,1300.0,1380.0,1630.0,2170.0,2810.0,3520.0,4310.0,5500.0,5700.0,6150.0,6260.0,6610.0,7010.0,7590.0,6710.0,5620.0,5300.0,5700.0,6370.0,6330.0
23,Belize,Lower middle income,Latin America & Caribbean,IBRD,1610.0,1870.0,2080.0,2260.0,2420.0,2680.0,2790.0,2780.0,2860.0,2880.0,2890.0,2780.0,2880.0,3150.0,3130.0,3200.0,3420.0,3560.0,3620.0,3740.0,3670.0,3880.0,4050.0,3880.0,4050.0,4100.0,4180.0,4260.0,4400.0,4340.0,4420.0,4550.0,4700.0,3970.0
24,Bermuda,High income,North America,,,,,,,,,,,,,,,,,,,,,,,,,103480.0,101610.0,100100.0,101760.0,99920.0,101120.0,103620.0,112940.0,117000.0,117740.0,
25,Bolivia,Lower middle income,Latin America & Caribbean,IBRD,720.0,710.0,720.0,720.0,740.0,770.0,790.0,810.0,850.0,900.0,950.0,990.0,980.0,980.0,950.0,920.0,910.0,950.0,1020.0,1110.0,1220.0,1480.0,1620.0,1780.0,2000.0,2250.0,2590.0,2830.0,2960.0,3040.0,3090.0,3370.0,3520.0,3200.0
26,Brazil,Upper middle income,Latin America & Caribbean,IBRD,2030.0,2260.0,2760.0,2730.0,3280.0,3170.0,3090.0,3030.0,3760.0,4460.0,5020.0,4840.0,4120.0,3930.0,3350.0,3090.0,2980.0,3340.0,4000.0,4850.0,6190.0,7620.0,8320.0,9650.0,11080.0,12310.0,12790.0,12120.0,10190.0,8920.0,8700.0,9170.0,9270.0,7850.0
27,Barbados,High income,Latin America & Caribbean,,6690.0,7430.0,7860.0,7600.0,7570.0,7460.0,7690.0,8010.0,8340.0,8700.0,9050.0,9420.0,9820.0,10780.0,10630.0,10650.0,11300.0,12290.0,13240.0,14220.0,15530.0,16180.0,15730.0,15540.0,15050.0,15720.0,15660.0,15630.0,15740.0,15920.0,16070.0,16700.0,17380.0,14460.0
28,Brunei,High income,East Asia & Pacific,,,,12090.0,12460.0,13580.0,15160.0,15030.0,15090.0,15680.0,16210.0,16220.0,14420.0,14040.0,14680.0,16070.0,17140.0,17800.0,19990.0,23090.0,27580.0,30930.0,34150.0,32460.0,33300.0,35520.0,42370.0,45320.0,43090.0,38850.0,33170.0,29800.0,29390.0,32230.0,
29,Bhutan,Lower middle income,South Asia,IDA,470.0,520.0,550.0,560.0,480.0,450.0,420.0,450.0,460.0,510.0,550.0,530.0,560.0,700.0,750.0,810.0,910.0,1030.0,1200.0,1330.0,1640.0,1770.0,1860.0,2040.0,2240.0,2390.0,2410.0,2460.0,2520.0,2650.0,2800.0,2970.0,3140.0,2860.0
30,Botswana,Upper middle income,Sub-Saharan Africa,IBRD,1340.0,1980.0,2320.0,2720.0,3070.0,3270.0,3330.0,2960.0,3260.0,3180.0,3330.0,3210.0,3150.0,3170.0,3260.0,2930.0,3370.0,3920.0,4930.0,5440.0,5730.0,5740.0,5330.0,5610.0,6610.0,7250.0,7570.0,7520.0,6840.0,6560.0,6690.0,7340.0,7660.0,6640.0
31,Central African Republic,Low income,Sub-Saharan Africa,IDA,420.0,490.0,490.0,480.0,480.0,470.0,450.0,370.0,350.0,300.0,300.0,280.0,280.0,260.0,260.0,250.0,260.0,300.0,340.0,350.0,380.0,420.0,480.0,510.0,530.0,570.0,380.0,390.0,400.0,410.0,440.0,490.0,520.0,510.0
32,Canada,High income,North America,,,,,,,,,,,,,,21210.0,22620.0,23030.0,23610.0,25860.0,29890.0,34810.0,38520.0,43090.0,45650.0,43250.0,44510.0,47210.0,51080.0,52800.0,52200.0,47590.0,43890.0,42900.0,44950.0,46460.0,43440.0
33,Switzerland,High income,Europe & Central Asia,,,,,,,,,,46740.0,49730.0,49340.0,46200.0,44280.0,44680.0,42110.0,40760.0,46780.0,55200.0,63080.0,65590.0,64480.0,65260.0,72470.0,79850.0,82280.0,87770.0,91700.0,89400.0,88750.0,85190.0,81520.0,85030.0,87950.0,
34,Channel Islands,High income,Europe & Central Asia,,,,,,,,,,,,,,,42510.0,41460.0,40720.0,43340.0,50340.0,56280.0,60750.0,66220.0,,,,,,,,,,,,,
35,Chile,High income,Latin America & Caribbean,IBRD,1660.0,1930.0,2200.0,2350.0,2600.0,3120.0,3440.0,3730.0,4420.0,5070.0,5590.0,5490.0,5120.0,5060.0,4800.0,4540.0,4510.0,5190.0,6210.0,7340.0,8690.0,10050.0,9950.0,10750.0,12340.0,14350.0,15160.0,14940.0,14130.0,13370.0,13270.0,14550.0,14990.0,13470.0
36,China,Upper middle income,East Asia & Pacific,IBRD,320.0,330.0,320.0,330.0,350.0,390.0,420.0,470.0,540.0,650.0,750.0,800.0,860.0,940.0,1010.0,1110.0,1280.0,1510.0,1760.0,2060.0,2510.0,3100.0,3680.0,4340.0,5050.0,5930.0,6770.0,7510.0,7940.0,8270.0,8740.0,9600.0,10390.0,10610.0
37,CÃ´te d'Ivoire,Lower middle income,Sub-Saharan Africa,IDA,810.0,910.0,830.0,780.0,760.0,780.0,750.0,680.0,700.0,720.0,760.0,760.0,730.0,650.0,590.0,570.0,620.0,770.0,930.0,930.0,970.0,1070.0,1160.0,1190.0,1130.0,1230.0,1330.0,1450.0,1660.0,1840.0,2030.0,2180.0,2290.0,2280.0
38,Cameroon,Lower middle income,Sub-Saharan Africa,Blend,1110.0,1180.0,1080.0,970.0,900.0,930.0,920.0,800.0,770.0,690.0,710.0,690.0,680.0,660.0,630.0,630.0,730.0,910.0,1010.0,1060.0,1110.0,1240.0,1320.0,1330.0,1350.0,1370.0,1430.0,1490.0,1440.0,1380.0,1340.0,1450.0,1500.0,1500.0
39,DR Congo,Low income,Sub-Saharan Africa,IDA,,,,,,,,160.0,150.0,130.0,120.0,120.0,110.0,130.0,140.0,190.0,170.0,190.0,200.0,230.0,260.0,290.0,300.0,320.0,340.0,380.0,410.0,440.0,460.0,470.0,460.0,500.0,530.0,550.0
40,Congo,Lower middle income,Sub-Saharan Africa,Blend,1050.0,930.0,940.0,930.0,960.0,1060.0,910.0,760.0,480.0,470.0,590.0,580.0,490.0,570.0,630.0,670.0,700.0,770.0,1120.0,1600.0,1700.0,2140.0,2480.0,2750.0,2710.0,3500.0,3740.0,3990.0,3090.0,2210.0,1700.0,1790.0,1810.0,1830.0
41,Colombia,Upper middle income,Latin America & Caribbean,IBRD,1240.0,1300.0,1250.0,1330.0,1380.0,1560.0,1740.0,2050.0,2350.0,2540.0,2660.0,2570.0,2330.0,2340.0,2330.0,2370.0,2370.0,2620.0,3000.0,3500.0,4130.0,4710.0,5130.0,5620.0,6310.0,7290.0,7950.0,8200.0,7330.0,6460.0,5930.0,6260.0,6580.0,5780.0
42,Comoros,Lower middle income,Sub-Saharan Africa,IDA,780.0,960.0,930.0,980.0,950.0,1100.0,1080.0,870.0,850.0,780.0,790.0,730.0,700.0,730.0,700.0,680.0,790.0,950.0,1090.0,1130.0,1170.0,1290.0,1370.0,1380.0,1410.0,1420.0,1490.0,1490.0,1380.0,1320.0,1280.0,1380.0,1400.0,1450.0
43,Cabo Verde,Lower middle income,Sub-Saharan Africa,Blend,650.0,840.0,900.0,900.0,910.0,1040.0,1190.0,1300.0,1410.0,1350.0,1350.0,1330.0,1370.0,1410.0,1350.0,1300.0,1520.0,1900.0,2160.0,2300.0,2820.0,3300.0,3480.0,3400.0,3510.0,3440.0,3490.0,3360.0,3210.0,3130.0,3080.0,3400.0,3630.0,3060.0
44,Costa Rica,Upper middle income,Latin America & Caribbean,IBRD,1600.0,1650.0,1660.0,1750.0,1950.0,2350.0,2740.0,2980.0,3180.0,3240.0,3350.0,3400.0,3460.0,3570.0,3670.0,3770.0,4030.0,4380.0,4640.0,5060.0,5680.0,6410.0,6540.0,7260.0,8090.0,9280.0,9930.0,10350.0,10700.0,11100.0,11500.0,11930.0,12070.0,11460.0
45,Cuba,Upper middle income,Latin America & Caribbean,,2490.0,2780.0,2750.0,2650.0,2340.0,2130.0,1870.0,2140.0,2550.0,2710.0,2500.0,2240.0,2400.0,2620.0,2760.0,2820.0,3100.0,3490.0,3960.0,4530.0,5000.0,5460.0,5520.0,5610.0,5930.0,6280.0,6640.0,6840.0,7230.0,7480.0,,,,
46,Curacao,High income,Latin America & Caribbean,,,,,,,,,,,,,,,,,,,,,,,,,,,,19930.0,19820.0,19620.0,19100.0,19100.0,20100.0,20370.0,
47,Cayman Islands,High income,Latin America & Caribbean,,,,,,,,,,,,,,,,,,,,,,,,,70220.0,71050.0,49570.0,44030.0,42930.0,44380.0,45880.0,52840.0,59380.0,68200.0,
48,Cyprus,High income,Europe & Central Asia,,6300.0,7910.0,8570.0,9300.0,9460.0,11020.0,10970.0,11680.0,12810.0,13880.0,14280.0,15490.0,14340.0,14180.0,14170.0,14510.0,16710.0,20260.0,23990.0,25600.0,27340.0,31970.0,32780.0,32040.0,32550.0,29680.0,27830.0,26530.0,25980.0,24710.0,24710.0,26990.0,27930.0,26110.0
49,Czech Republic (Czechia),High income,Europe & Central Asia,,,,,,,,,,5150.0,5980.0,6160.0,6110.0,6110.0,6340.0,6350.0,6650.0,8110.0,10260.0,12480.0,14000.0,15850.0,18510.0,18840.0,19400.0,19460.0,19440.0,19410.0,18900.0,18370.0,17670.0,18310.0,20520.0,21930.0,
50,Germany,High income,Europe & Central Asia,,7280.0,9520.0,10100.0,10890.0,11700.0,13200.0,13290.0,14070.0,15090.0,15780.0,15410.0,14290.0,16430.0,20190.0,24770.0,23680.0,26140.0,31670.0,35770.0,38270.0,40470.0,43650.0,43660.0,44680.0,47320.0,46560.0,47220.0,47640.0,45780.0,44280.0,43700.0,47190.0,48600.0,46990.0
51,Djibouti,Lower middle income,Middle East & North Africa,IDA,,,,,,,,,,,,,,,,,,,,,,,,,,,,,2730.0,2870.0,2990.0,3260.0,3310.0,3320.0
52,Dominica,Upper middle income,Latin America & Caribbean,Blend,2170.0,2560.0,2600.0,2810.0,2960.0,3200.0,3410.0,3490.0,3720.0,3890.0,4010.0,4200.0,4200.0,4220.0,4470.0,4270.0,4680.0,4950.0,5050.0,5490.0,5760.0,6340.0,6520.0,6730.0,6920.0,6730.0,6780.0,7020.0,6910.0,7270.0,7250.0,7680.0,7870.0,6870.0
53,Denmark,High income,Europe & Central Asia,,17760.0,22130.0,23050.0,24370.0,25540.0,28700.0,28570.0,30360.0,32560.0,34770.0,35150.0,33460.0,33060.0,32580.0,31410.0,30850.0,34750.0,42640.0,49610.0,53540.0,55740.0,60390.0,60090.0,61220.0,61990.0,61650.0,63200.0,63670.0,60510.0,58040.0,56690.0,61340.0,64000.0,62720.0
54,Dominican Republic,Upper middle income,Latin America & Caribbean,IBRD,940.0,920.0,910.0,870.0,1040.0,1360.0,1620.0,1750.0,1960.0,2170.0,2360.0,2450.0,2540.0,2680.0,2740.0,2890.0,2640.0,2560.0,3040.0,3640.0,4430.0,4760.0,4920.0,5330.0,5540.0,5790.0,6030.0,6330.0,6580.0,6860.0,7090.0,7780.0,8100.0,7260.0
55,Algeria,Lower middle income,Middle East & North Africa,IBRD,2810.0,2750.0,2550.0,2370.0,1980.0,1900.0,1730.0,1620.0,1550.0,1520.0,1510.0,1540.0,1530.0,1590.0,1670.0,1730.0,1920.0,2250.0,2710.0,3100.0,3600.0,4220.0,4290.0,4480.0,4600.0,5170.0,5510.0,5490.0,4850.0,4370.0,3940.0,3980.0,4010.0,3550.0
56,Ecuador,Upper middle income,Latin America & Caribbean,IBRD,1640.0,1510.0,1360.0,1370.0,1480.0,1600.0,1670.0,1820.0,1970.0,2080.0,2180.0,2160.0,1780.0,1550.0,1550.0,1730.0,2110.0,2550.0,2880.0,3100.0,3310.0,3860.0,4060.0,4390.0,4870.0,5390.0,5810.0,6110.0,5970.0,5810.0,5860.0,6090.0,6100.0,5530.0
57,Egypt,Lower middle income,Middle East & North Africa,IBRD,870.0,840.0,780.0,760.0,750.0,750.0,760.0,820.0,920.0,1020.0,1130.0,1210.0,1310.0,1420.0,1430.0,1330.0,1240.0,1200.0,1220.0,1320.0,1530.0,1840.0,2120.0,2370.0,2560.0,2840.0,3030.0,3230.0,3340.0,3440.0,3030.0,2790.0,2690.0,3000.0
58,Eritrea,Low income,Sub-Saharan Africa,IDA,,,,,,,,270.0,270.0,300.0,320.0,330.0,310.0,300.0,310.0,300.0,300.0,340.0,390.0,410.0,420.0,410.0,480.0,510.0,600.0,,,,,,,,,
59,Spain,High income,Europe & Central Asia,,40.0,60.0,60.0,70.0,80.0,90.0,90.0,90.0,90.0,90.0,100.0,90.0,140.0,290.0,15540.0,15630.0,18080.0,22130.0,25910.0,27850.0,29770.0,32250.0,32560.0,31970.0,31020.0,29540.0,29230.0,29140.0,28450.0,27550.0,27100.0,29360.0,30360.0,
60,Estonia,High income,Europe & Central Asia,,,,,,,,,,,,,,,,,,,,,,,,,,,2780.0,18260.0,19000.0,18700.0,18430.0,18850.0,21340.0,23250.0,
61,Ethiopia,Low income,Sub-Saharan Africa,IDA,280.0,270.0,260.0,260.0,250.0,220.0,210.0,160.0,150.0,150.0,140.0,130.0,120.0,130.0,130.0,120.0,110.0,140.0,160.0,180.0,220.0,280.0,340.0,380.0,390.0,410.0,470.0,550.0,600.0,670.0,740.0,800.0,850.0,890.0
62,Finland,High income,Europe & Central Asia,,2770.0,3620.0,4050.0,4370.0,4220.0,4070.0,3480.0,3390.0,3700.0,4200.0,4490.0,4340.0,6070.0,10380.0,25850.0,25620.0,28800.0,35380.0,40230.0,42840.0,46190.0,50160.0,48950.0,49750.0,50260.0,48970.0,49510.0,49420.0,47180.0,45530.0,44840.0,48290.0,50010.0,49620.0
63,Fiji,Upper middle income,East Asia & Pacific,Blend,1770.0,1790.0,1790.0,1790.0,1790.0,1990.0,2090.0,2230.0,2460.0,2660.0,2580.0,2290.0,2350.0,2230.0,2140.0,2160.0,2410.0,3020.0,3570.0,3590.0,3790.0,3980.0,3850.0,3650.0,3770.0,4140.0,4710.0,5020.0,5100.0,5280.0,5370.0,5910.0,5800.0,4720.0
64,France,High income,Europe & Central Asia,,2200.0,2820.0,2970.0,3150.0,3260.0,3630.0,3600.0,3720.0,3920.0,4130.0,4110.0,3940.0,5420.0,9130.0,23870.0,23150.0,26000.0,31460.0,35920.0,37890.0,40160.0,43540.0,44070.0,43970.0,44440.0,43410.0,43800.0,43340.0,41130.0,39100.0,38320.0,41130.0,42330.0,
65,Faeroe Islands,High income,Europe & Central Asia,,,,,,,,,,,,,,,,,,,,,,,,,,,,,,,,,,,
66,Micronesia,Lower middle income,East Asia & Pacific,IDA,,,,,,,2120.0,2130.0,2200.0,2140.0,1930.0,1950.0,2050.0,2210.0,2260.0,2270.0,2380.0,2440.0,2560.0,2560.0,2570.0,2590.0,2820.0,2900.0,3070.0,3150.0,3180.0,3150.0,3490.0,3410.0,3450.0,3400.0,4010.0,
67,Gabon,Upper middle income,Sub-Saharan Africa,IBRD,3430.0,4150.0,4580.0,4820.0,5170.0,5120.0,4430.0,4130.0,3910.0,4100.0,4270.0,3940.0,3280.0,3100.0,3430.0,3610.0,3880.0,4310.0,5520.0,5740.0,6590.0,7320.0,7590.0,7850.0,8120.0,9090.0,9330.0,9330.0,7970.0,7080.0,6510.0,6830.0,7170.0,6970.0
68,United Kingdom,High income,Europe & Central Asia,,12680.0,16130.0,17350.0,18530.0,19350.0,21440.0,21320.0,21850.0,21080.0,22790.0,25480.0,26920.0,28130.0,29230.0,28970.0,29180.0,32250.0,37770.0,42740.0,45060.0,47500.0,48480.0,44230.0,41740.0,41060.0,41690.0,42730.0,44400.0,44340.0,42940.0,41280.0,41740.0,42130.0,
69,Georgia,Upper middle income,Europe & Central Asia,IBRD,,,,,,2260.0,1610.0,760.0,550.0,670.0,820.0,870.0,840.0,790.0,780.0,840.0,990.0,1210.0,1520.0,1910.0,2380.0,2820.0,2950.0,3210.0,3520.0,4150.0,4530.0,4740.0,4410.0,4080.0,4040.0,4460.0,4690.0,4290.0
70,Ghana,Lower middle income,Sub-Saharan Africa,IDA,420.0,440.0,400.0,400.0,410.0,430.0,420.0,370.0,370.0,380.0,390.0,390.0,390.0,340.0,300.0,270.0,320.0,380.0,460.0,600.0,790.0,1150.0,1190.0,1240.0,1380.0,1530.0,1840.0,1960.0,1950.0,1790.0,1870.0,2120.0,2210.0,2230.0
71,Gibraltar,High income,Europe & Central Asia,,,,,,,,,,,,,,,,,,,,,,,,,,,,,,,,,,,
72,Guinea,Low income,Sub-Saharan Africa,IDA,,400.0,390.0,410.0,420.0,460.0,490.0,500.0,500.0,510.0,510.0,470.0,450.0,400.0,360.0,350.0,340.0,370.0,360.0,400.0,470.0,620.0,670.0,690.0,680.0,700.0,700.0,740.0,760.0,780.0,820.0,860.0,950.0,1020.0
73,Gambia,Low income,Sub-Saharan Africa,IDA,320.0,300.0,300.0,310.0,400.0,520.0,710.0,690.0,690.0,700.0,690.0,660.0,640.0,620.0,560.0,440.0,390.0,470.0,520.0,640.0,700.0,810.0,880.0,890.0,760.0,760.0,730.0,650.0,620.0,620.0,660.0,720.0,750.0,750.0
74,Guinea-Bissau,Low income,Sub-Saharan Africa,IDA,170.0,180.0,210.0,220.0,240.0,240.0,230.0,220.0,220.0,240.0,240.0,160.0,160.0,210.0,250.0,300.0,330.0,380.0,430.0,440.0,470.0,510.0,560.0,580.0,640.0,630.0,640.0,640.0,640.0,650.0,680.0,720.0,800.0,760.0
75,Equatorial Guinea,Upper middle income,Sub-Saharan Africa,IBRD,210.0,250.0,230.0,260.0,270.0,380.0,370.0,270.0,250.0,360.0,870.0,700.0,820.0,770.0,900.0,1270.0,1190.0,1720.0,3890.0,8110.0,11600.0,14250.0,12530.0,9970.0,11540.0,13870.0,14030.0,13230.0,10850.0,8270.0,6510.0,6730.0,6280.0,5810.0
76,Greece,High income,Europe & Central Asia,,,,,,,,,,,,,,,,,,,,,24570.0,26370.0,28710.0,29420.0,27610.0,24560.0,23180.0,22380.0,22010.0,20150.0,18610.0,17970.0,19070.0,19710.0,
77,Grenada,Upper middle income,Latin America & Caribbean,Blend,2200.0,2490.0,2670.0,2840.0,3040.0,3140.0,3120.0,3210.0,3310.0,3500.0,3660.0,3990.0,4310.0,4610.0,4510.0,4650.0,5290.0,5350.0,6650.0,6430.0,6830.0,7260.0,6720.0,6940.0,7060.0,7030.0,7350.0,7520.0,7750.0,8350.0,8740.0,9560.0,9830.0,8740.0
78,Greenland,High income,Europe & Central Asia,,11470.0,15170.0,16970.0,15690.0,16510.0,17440.0,16600.0,17830.0,19470.0,20780.0,20540.0,20440.0,19740.0,20290.0,19390.0,18760.0,20440.0,25730.0,30920.0,30240.0,34800.0,,,,,,,,,,,,,
79,Guatemala,Upper middle income,Latin America & Caribbean,IBRD,1020.0,980.0,980.0,930.0,970.0,1030.0,1140.0,1230.0,1360.0,1440.0,1530.0,1610.0,1650.0,1670.0,1600.0,1600.0,1670.0,1850.0,2000.0,2150.0,2370.0,2610.0,2650.0,2730.0,2910.0,3160.0,3380.0,3550.0,3700.0,3870.0,4100.0,4400.0,4610.0,4490.0
80,Guam,High income,East Asia & Pacific,,,,,,,,,,,,,,,,,,,,,,,,,,,,,,,,,,,
81,Guyana,Upper middle income,Latin America & Caribbean,IDA,460.0,470.0,360.0,400.0,330.0,390.0,460.0,570.0,670.0,830.0,890.0,880.0,860.0,890.0,880.0,890.0,940.0,1030.0,1090.0,1470.0,2280.0,3850.0,4190.0,4510.0,4820.0,5290.0,5540.0,5570.0,5470.0,5600.0,5910.0,6290.0,6630.0,6600.0
82,"Hong Kong SAR, China",High income,East Asia & Pacific,,9080.0,10770.0,11550.0,12660.0,14320.0,16560.0,19560.0,21820.0,23570.0,24140.0,26080.0,25110.0,25800.0,26930.0,26350.0,25270.0,26340.0,28120.0,28890.0,30290.0,32070.0,33950.0,32350.0,33620.0,35690.0,36340.0,38570.0,40240.0,41180.0,42970.0,46390.0,50060.0,50480.0,48630.0
83,Honduras,Lower middle income,Latin America & Caribbean,IDA,1410.0,1410.0,1270.0,1110.0,940.0,930.0,950.0,880.0,900.0,870.0,910.0,910.0,930.0,1020.0,1050.0,1070.0,1130.0,1210.0,1290.0,1360.0,1490.0,1630.0,1670.0,1740.0,1880.0,1970.0,2010.0,2010.0,2060.0,2120.0,2250.0,2330.0,2390.0,2200.0
84,Croatia,High income,Europe & Central Asia,IBRD,,,,,,,,,,,5520.0,5430.0,5180.0,5210.0,5290.0,5600.0,6670.0,8520.0,10150.0,11310.0,12670.0,14250.0,14110.0,14090.0,14040.0,13440.0,13580.0,13260.0,12970.0,12380.0,12680.0,14080.0,14990.0,14190.0
85,Haiti,Lower middle income,Latin America & Caribbean,IDA,340.0,380.0,370.0,420.0,450.0,390.0,310.0,260.0,310.0,360.0,390.0,400.0,450.0,550.0,640.0,730.0,670.0,660.0,700.0,780.0,890.0,990.0,1140.0,1120.0,1230.0,1300.0,1370.0,1410.0,1390.0,1330.0,1310.0,1360.0,1330.0,1250.0
86,Hungary,High income,Europe & Central Asia,,,,,,,,3660.0,4030.0,4250.0,4370.0,4400.0,4410.0,4490.0,4620.0,4790.0,5290.0,6630.0,8640.0,10360.0,11230.0,11750.0,13230.0,13380.0,13260.0,13250.0,13060.0,13500.0,13560.0,13250.0,13100.0,13190.0,15010.0,16530.0,
87,Indonesia,Lower middle income,East Asia & Pacific,IBRD,510.0,510.0,530.0,560.0,610.0,660.0,740.0,850.0,990.0,1090.0,1100.0,660.0,570.0,580.0,720.0,790.0,900.0,1080.0,1220.0,1380.0,1600.0,1940.0,2150.0,2530.0,3010.0,3580.0,3730.0,3620.0,3430.0,3400.0,3530.0,3840.0,4050.0,3870.0
88,Isle of Man,High income,Europe & Central Asia,,,,,,,,,,,,17050.0,18800.0,21310.0,21880.0,22480.0,23780.0,27790.0,34170.0,39600.0,44420.0,47220.0,42870.0,45990.0,71570.0,74390.0,82210.0,87840.0,89000.0,83990.0,78860.0,77890.0,83160.0,,
89,India,Lower middle income,South Asia,IBRD,350.0,390.0,390.0,380.0,350.0,340.0,320.0,340.0,370.0,400.0,410.0,410.0,440.0,440.0,450.0,460.0,520.0,610.0,710.0,790.0,910.0,1000.0,1120.0,1220.0,1360.0,1480.0,1520.0,1560.0,1600.0,1680.0,1820.0,2010.0,2120.0,1900.0
90,Ireland,High income,Europe & Central Asia,,10430.0,13230.0,14090.0,15950.0,16670.0,18340.0,18540.0,19660.0,21480.0,23970.0,26230.0,27210.0,26430.0,25890.0,24060.0,24900.0,29970.0,37820.0,44620.0,47940.0,50540.0,51000.0,46890.0,44950.0,42040.0,40630.0,43450.0,46380.0,50430.0,51900.0,53810.0,60520.0,63530.0,
91,Iran,Lower middle income,Middle East & North Africa,IBRD,3470.0,2970.0,2530.0,2540.0,,,,,1290.0,1600.0,1790.0,1780.0,1740.0,1760.0,1790.0,1880.0,2200.0,2520.0,2960.0,3480.0,4270.0,4970.0,5560.0,6250.0,6870.0,7130.0,6990.0,6500.0,5370.0,5500.0,5420.0,4530.0,3640.0,2870.0
92,Iraq,Upper middle income,Middle East & North Africa,IBRD,3540.0,3730.0,3730.0,7070.0,70.0,50.0,40.0,60.0,130.0,390.0,750.0,920.0,1290.0,1600.0,1730.0,1420.0,850.0,1370.0,1430.0,1820.0,2400.0,3550.0,4160.0,4580.0,4960.0,6310.0,7050.0,6750.0,5800.0,5340.0,4670.0,4840.0,5490.0,4660.0
93,Iceland,High income,Europe & Central Asia,,,,,,,,,,,,28480.0,29270.0,30400.0,31540.0,30700.0,30930.0,33710.0,42020.0,50520.0,53450.0,61880.0,50060.0,41860.0,36270.0,37610.0,40690.0,46960.0,48090.0,49940.0,54910.0,60230.0,67760.0,72930.0,
94,Israel,High income,Middle East & North Africa,,,,,,,,,,,,18930.0,18780.0,18450.0,19200.0,19270.0,18600.0,18700.0,19960.0,21440.0,22330.0,23960.0,26140.0,27280.0,29660.0,31450.0,32220.0,34320.0,36020.0,36060.0,36340.0,37580.0,40840.0,43070.0,
95,Italy,High income,Europe & Central Asia,,10.0,10.0,10.0,10.0,10.0,10.0,10.0,10.0,10.0,10.0,10.0,10.0,20.0,40.0,21190.0,20770.0,23410.0,28360.0,32480.0,34280.0,35930.0,37980.0,37990.0,37960.0,37980.0,36220.0,35570.0,34910.0,33000.0,31970.0,31370.0,33850.0,34860.0,32200.0
96,Jamaica,Upper middle income,Latin America & Caribbean,IBRD,1170.0,1480.0,1690.0,1770.0,1740.0,1610.0,1840.0,1880.0,2290.0,2520.0,2760.0,2890.0,3120.0,3240.0,3240.0,3250.0,3440.0,3650.0,3800.0,4090.0,4320.0,4570.0,4330.0,4390.0,4590.0,4980.0,5010.0,4910.0,4700.0,4600.0,4750.0,5010.0,5260.0,4620.0
97,Jordan,Upper middle income,Middle East & North Africa,IBRD,2100.0,2160.0,1560.0,1270.0,1090.0,1240.0,1280.0,1340.0,1420.0,1430.0,1450.0,1480.0,1530.0,1670.0,1740.0,1780.0,1900.0,2160.0,2340.0,2510.0,2730.0,3110.0,3380.0,3520.0,3620.0,3720.0,3830.0,3920.0,3950.0,4000.0,4080.0,4270.0,4410.0,4310.0
98,Japan,High income,East Asia & Pacific,,18180.0,24920.0,27010.0,27820.0,28580.0,30540.0,33350.0,36920.0,42090.0,43150.0,40040.0,34450.0,33780.0,36230.0,36770.0,34790.0,35070.0,38350.0,40560.0,39930.0,38740.0,38850.0,38800.0,43440.0,46880.0,49480.0,48280.0,43950.0,38840.0,37860.0,38490.0,41150.0,41580.0,
99,Kazakhstan,Upper middle income,Europe & Central Asia,IBRD,,,,,,,1430.0,1310.0,1280.0,1340.0,1390.0,1390.0,1290.0,1270.0,1360.0,1530.0,1810.0,2300.0,2930.0,3860.0,4980.0,6110.0,6790.0,7440.0,8280.0,9940.0,11840.0,12080.0,11380.0,8770.0,8040.0,8070.0,8820.0,8680.0
100,Kenya,Lower middle income,Sub-Saharan Africa,Blend,370.0,410.0,400.0,370.0,350.0,330.0,270.0,260.0,270.0,340.0,390.0,430.0,430.0,410.0,400.0,380.0,400.0,450.0,510.0,580.0,700.0,820.0,900.0,960.0,990.0,1050.0,1130.0,1240.0,1290.0,1350.0,1420.0,1600.0,1750.0,1760.0
101,Kyrgyzstan,Lower middle income,Europe & Central Asia,IDA,,,,,,520.0,450.0,370.0,360.0,390.0,390.0,360.0,300.0,280.0,280.0,290.0,340.0,400.0,450.0,500.0,610.0,760.0,860.0,850.0,880.0,1040.0,1190.0,1250.0,1180.0,1110.0,1110.0,1220.0,1240.0,1160.0
102,Cambodia,Lower middle income,East Asia & Pacific,IDA,,,,,,,,,250.0,320.0,320.0,290.0,300.0,300.0,310.0,320.0,350.0,400.0,460.0,520.0,590.0,670.0,700.0,750.0,810.0,880.0,970.0,1020.0,1060.0,1140.0,1230.0,1380.0,1530.0,1490.0
103,Kiribati,Lower middle income,East Asia & Pacific,IDA,550.0,640.0,670.0,720.0,960.0,1030.0,1020.0,1050.0,1150.0,1090.0,1340.0,1470.0,1300.0,1330.0,1340.0,1250.0,1310.0,1480.0,1700.0,1710.0,1820.0,1930.0,1900.0,2050.0,2090.0,2620.0,2980.0,3220.0,3470.0,2920.0,3020.0,3080.0,3340.0,3010.0
104,Saint Kitts & Nevis,High income,Latin America & Caribbean,IBRD,3690.0,4390.0,4660.0,5220.0,5260.0,5710.0,6190.0,6710.0,7310.0,7690.0,8080.0,7830.0,8280.0,9120.0,9440.0,9370.0,9270.0,10390.0,11640.0,12440.0,13050.0,14850.0,14620.0,14690.0,15450.0,15470.0,16610.0,16490.0,16410.0,17080.0,17240.0,18520.0,19130.0,17400.0
105,South Korea,High income,East Asia & Pacific,,3530.0,4520.0,5380.0,6450.0,7570.0,8310.0,9010.0,10090.0,11820.0,13320.0,13550.0,10330.0,10430.0,11030.0,11950.0,12850.0,13790.0,16200.0,18520.0,20800.0,23440.0,23860.0,22040.0,22290.0,23590.0,25660.0,26980.0,28160.0,28720.0,29330.0,30300.0,32730.0,33790.0,32860.0
106,Kuwait,High income,Middle East & North Africa,,,,,,,,,,20520.0,20870.0,21480.0,19680.0,16870.0,17980.0,18660.0,18930.0,22600.0,28510.0,35220.0,42300.0,47580.0,51710.0,45000.0,42490.0,43790.0,49690.0,53060.0,51000.0,41820.0,35330.0,31400.0,33430.0,36290.0,
107,Laos,Lower middle income,East Asia & Pacific,IDA,430.0,250.0,210.0,190.0,210.0,250.0,280.0,310.0,350.0,380.0,370.0,310.0,290.0,280.0,310.0,320.0,340.0,390.0,460.0,510.0,620.0,750.0,890.0,1000.0,1140.0,1370.0,1610.0,1820.0,1970.0,2120.0,2240.0,2450.0,2490.0,2480.0
108,Lebanon,Upper middle income,Middle East & North Africa,IBRD,,,,1310.0,1700.0,1920.0,2220.0,2610.0,3160.0,3720.0,4000.0,4250.0,4490.0,4600.0,4460.0,4200.0,3790.0,4730.0,4890.0,4860.0,5410.0,6060.0,6870.0,7470.0,7560.0,7560.0,7640.0,7550.0,7280.0,7220.0,7470.0,7710.0,7420.0,5510.0
109,Liberia,Low income,Sub-Saharan Africa,IDA,,,,,,,,,,,,,,,,250.0,180.0,210.0,250.0,290.0,330.0,390.0,430.0,460.0,520.0,560.0,630.0,630.0,630.0,620.0,620.0,610.0,580.0,530.0
110,Libya,Upper middle income,Middle East & North Africa,IBRD,,,,,,,,,,,,,,,,5170.0,5160.0,5140.0,6860.0,8600.0,10400.0,12200.0,12090.0,12380.0,4690.0,11550.0,10750.0,7610.0,5690.0,4550.0,5410.0,6800.0,7640.0,4850.0
111,Saint Lucia,Upper middle income,Latin America & Caribbean,Blend,2830.0,3330.0,3570.0,3730.0,3850.0,4400.0,4420.0,4510.0,4650.0,4850.0,4760.0,4930.0,5150.0,5250.0,4990.0,5010.0,5370.0,6000.0,6230.0,7260.0,7500.0,8090.0,8020.0,8170.0,8820.0,8850.0,8790.0,8840.0,8740.0,9450.0,10080.0,10700.0,11080.0,8790.0
112,Liechtenstein,High income,Europe & Central Asia,,31170.0,41490.0,43620.0,45470.0,47570.0,54350.0,56680.0,62010.0,70050.0,78570.0,80150.0,77660.0,78660.0,78870.0,68260.0,65050.0,68450.0,78700.0,92710.0,104050.0,112190.0,121900.0,116440.0,,,,,,,,,,,
113,Sri Lanka,Lower middle income,South Asia,IBRD,430.0,460.0,440.0,460.0,490.0,550.0,600.0,640.0,690.0,740.0,800.0,820.0,840.0,870.0,830.0,840.0,940.0,1060.0,1210.0,1360.0,1550.0,1790.0,2010.0,2410.0,2850.0,3360.0,3490.0,3640.0,3760.0,3810.0,3870.0,4040.0,4010.0,3720.0
114,Lesotho,Lower middle income,Sub-Saharan Africa,IDA,420.0,500.0,520.0,550.0,580.0,650.0,660.0,680.0,690.0,700.0,690.0,620.0,610.0,580.0,640.0,590.0,670.0,810.0,1020.0,1130.0,1300.0,1290.0,1190.0,1270.0,1360.0,1500.0,1460.0,1350.0,1310.0,1270.0,1190.0,1230.0,1290.0,1100.0
115,Lithuania,High income,Europe & Central Asia,,,,,,,,,,,,710.0,830.0,860.0,930.0,1000.0,1110.0,1360.0,1740.0,2200.0,2550.0,3070.0,3670.0,3610.0,3640.0,3860.0,4090.0,4440.0,4660.0,5960.0,8550.0,15280.0,17460.0,19020.0,
116,Luxembourg,High income,Europe & Central Asia,,500.0,640.0,710.0,780.0,880.0,970.0,1000.0,1030.0,1140.0,1200.0,1260.0,1170.0,1690.0,3370.0,45690.0,42740.0,46110.0,62990.0,73920.0,71650.0,86280.0,88170.0,71440.0,78460.0,76420.0,75500.0,75540.0,76500.0,72520.0,68720.0,66460.0,70930.0,,
117,Latvia,High income,Europe & Central Asia,,,,,,,,,,,,3780.0,4080.0,4250.0,4720.0,5120.0,5590.0,6640.0,8290.0,10490.0,12680.0,15950.0,19190.0,20040.0,17950.0,18800.0,19820.0,21360.0,19190.0,16690.0,14790.0,14850.0,16540.0,17740.0,
118,"Macao SAR, China",High income,East Asia & Pacific,,6510.0,7490.0,8080.0,8980.0,9990.0,12570.0,14310.0,16030.0,17430.0,17490.0,17330.0,15700.0,14640.0,14720.0,15760.0,16290.0,17840.0,22220.0,23950.0,26190.0,34150.0,33780.0,36100.0,45260.0,54490.0,60790.0,69510.0,72140.0,62090.0,63730.0,69980.0,76510.0,75610.0,
119,St. Martin (French part),High income,Latin America & Caribbean,,,,,,,,,,,,,,,,,,,,,,,,,,,,,,,,,,,
120,Morocco,Lower middle income,Middle East & North Africa,IBRD,860.0,1080.0,1110.0,1160.0,1240.0,1270.0,1230.0,1350.0,1300.0,1510.0,1460.0,1460.0,1410.0,1390.0,1400.0,1370.0,1540.0,1830.0,2070.0,2240.0,2380.0,2700.0,2880.0,2930.0,3000.0,2980.0,3090.0,3060.0,3020.0,2880.0,2880.0,3090.0,3200.0,2980.0
121,Monaco,High income,Europe & Central Asia,,,,,,,,,,,,,,,,,,,,,,,,,,,,,,,,,,,
122,Moldova,Upper middle income,Europe & Central Asia,IBRD,,,,,,,,,,,630.0,580.0,510.0,490.0,500.0,590.0,710.0,910.0,1120.0,1280.0,1440.0,1870.0,1950.0,2380.0,2730.0,3140.0,3620.0,3740.0,3300.0,3180.0,3330.0,3920.0,4580.0,4570.0
123,Madagascar,Low income,Sub-Saharan Africa,IDA,370.0,340.0,300.0,310.0,280.0,290.0,290.0,290.0,280.0,300.0,300.0,300.0,280.0,290.0,300.0,280.0,340.0,340.0,340.0,330.0,380.0,450.0,470.0,470.0,480.0,500.0,520.0,520.0,490.0,470.0,470.0,500.0,510.0,480.0
124,Maldives,Upper middle income,South Asia,IDA,,,,,,,,,,,1760.0,1860.0,1980.0,2070.0,2240.0,2620.0,3400.0,3770.0,3460.0,4540.0,4480.0,5420.0,5460.0,5960.0,6600.0,6630.0,6800.0,7320.0,7650.0,8070.0,8600.0,9210.0,9670.0,6830.0
125,Mexico,Upper middle income,Latin America & Caribbean,IBRD,2040.0,2090.0,2370.0,2790.0,3250.0,3770.0,4490.0,5310.0,4790.0,4620.0,4660.0,5000.0,5510.0,6210.0,6740.0,7100.0,7360.0,7820.0,8050.0,8690.0,9250.0,9780.0,8820.0,9040.0,9310.0,10050.0,10270.0,10500.0,10160.0,9390.0,8920.0,9180.0,9480.0,8480.0
126,Marshall Islands,Upper middle income,East Asia & Pacific,IDA,,,,,,,,,3070.0,2690.0,2590.0,2690.0,2830.0,2960.0,3110.0,3100.0,3130.0,3280.0,3440.0,3310.0,3450.0,3280.0,3470.0,3550.0,3570.0,3480.0,3880.0,4030.0,4250.0,4200.0,4390.0,4780.0,5010.0,
127,North Macedonia,Upper middle income,Europe & Central Asia,IBRD,,,,,,1750.0,1460.0,1400.0,1790.0,2190.0,2210.0,2010.0,1910.0,1910.0,1820.0,1820.0,2080.0,2560.0,2990.0,3310.0,3580.0,4330.0,4610.0,4710.0,4810.0,4740.0,5000.0,5200.0,5110.0,4980.0,4920.0,5490.0,5840.0,5720.0
128,Mali,Low income,Sub-Saharan Africa,IDA,240.0,290.0,290.0,290.0,320.0,330.0,320.0,280.0,270.0,270.0,280.0,280.0,290.0,280.0,300.0,290.0,350.0,400.0,460.0,500.0,530.0,610.0,660.0,700.0,730.0,730.0,780.0,810.0,800.0,780.0,770.0,830.0,870.0,830.0
129,Malta,High income,Middle East & North Africa,,4930.0,6260.0,6910.0,7600.0,7940.0,8720.0,8570.0,8600.0,9250.0,10010.0,10530.0,10260.0,10710.0,11400.0,10950.0,10710.0,12170.0,14100.0,15660.0,16350.0,17580.0,20410.0,20310.0,21370.0,22120.0,22160.0,23370.0,24560.0,25230.0,23590.0,24140.0,27090.0,28340.0,25370.0
130,Myanmar,Lower middle income,East Asia & Pacific,IDA,,,,,,,,,,,,,,,120.0,120.0,150.0,210.0,230.0,270.0,360.0,510.0,730.0,900.0,1040.0,1070.0,1120.0,1130.0,1160.0,1150.0,1200.0,1280.0,1360.0,1260.0
131,Montenegro,Upper middle income,Europe & Central Asia,IBRD,,,,,,,,,,,,,,,,1970.0,2440.0,3100.0,3660.0,4320.0,5120.0,6470.0,6740.0,6920.0,7260.0,7000.0,7330.0,7320.0,7260.0,7090.0,7410.0,8450.0,9070.0,7900.0
132,Mongolia,Lower middle income,East Asia & Pacific,IBRD,1520.0,1690.0,1590.0,1430.0,1200.0,810.0,510.0,430.0,460.0,550.0,580.0,520.0,480.0,470.0,480.0,530.0,610.0,760.0,900.0,1120.0,1410.0,1800.0,1790.0,2000.0,2590.0,3650.0,4330.0,4210.0,3820.0,3500.0,3230.0,3630.0,3790.0,3670.0
133,Northern Mariana Islands,High income,East Asia & Pacific,,,,,,,,,,,,,,,,,,,,,,,,,,,,,,,,,,,
134,Mozambique,Low income,Sub-Saharan Africa,IDA,,,,,,,210.0,190.0,190.0,210.0,250.0,290.0,330.0,320.0,320.0,290.0,320.0,360.0,400.0,420.0,460.0,500.0,540.0,520.0,540.0,600.0,670.0,690.0,640.0,530.0,470.0,460.0,490.0,460.0
135,Mauritania,Lower middle income,Sub-Saharan Africa,IDA,670.0,740.0,760.0,730.0,810.0,920.0,970.0,870.0,900.0,970.0,870.0,830.0,820.0,730.0,650.0,650.0,710.0,800.0,940.0,1140.0,1220.0,1380.0,1450.0,1500.0,1600.0,1760.0,1850.0,1750.0,1640.0,1510.0,1500.0,1580.0,1660.0,1640.0
136,Mauritius,Upper middle income,Sub-Saharan Africa,IBRD,1620.0,2060.0,2220.0,2430.0,2620.0,2990.0,3120.0,3230.0,3470.0,3780.0,3900.0,3780.0,3660.0,3900.0,3970.0,3960.0,4410.0,5170.0,5600.0,5930.0,6490.0,7400.0,7800.0,8080.0,8400.0,9550.0,10520.0,10820.0,10700.0,10640.0,10980.0,12270.0,12900.0,10230.0
137,Malawi,Low income,Sub-Saharan Africa,IDA,150.0,160.0,160.0,180.0,210.0,200.0,220.0,160.0,160.0,170.0,200.0,200.0,180.0,160.0,140.0,170.0,220.0,300.0,300.0,310.0,330.0,370.0,410.0,450.0,490.0,460.0,410.0,370.0,350.0,340.0,370.0,430.0,550.0,580.0
138,Malaysia,Upper middle income,East Asia & Pacific,IBRD,1960.0,2140.0,2260.0,2400.0,2560.0,2880.0,3230.0,3600.0,4050.0,4500.0,4620.0,3640.0,3380.0,3460.0,3550.0,3790.0,4160.0,4740.0,5270.0,5840.0,6630.0,7510.0,7600.0,8260.0,9050.0,10180.0,10840.0,11140.0,10680.0,10150.0,9950.0,10650.0,11230.0,10580.0
139,Namibia,Upper middle income,Sub-Saharan Africa,IBRD,1600.0,1690.0,1850.0,1990.0,2150.0,2300.0,2200.0,2270.0,2460.0,2510.0,2500.0,2370.0,2240.0,2240.0,2090.0,2010.0,2280.0,2900.0,3530.0,4030.0,4230.0,4320.0,4250.0,4500.0,5130.0,5730.0,5950.0,5790.0,5310.0,4740.0,4620.0,4950.0,5180.0,4520.0
140,New Caledonia,High income,East Asia & Pacific,,8070.0,13270.0,14530.0,14760.0,15200.0,16070.0,16340.0,16780.0,18220.0,18240.0,17810.0,15730.0,14810.0,14020.0,,,,,,,,,,,,,,,,,,,,
141,Niger,Low income,Sub-Saharan Africa,IDA,270.0,330.0,320.0,340.0,360.0,420.0,390.0,300.0,260.0,240.0,240.0,250.0,240.0,220.0,220.0,220.0,250.0,280.0,330.0,360.0,380.0,440.0,480.0,520.0,520.0,550.0,570.0,590.0,560.0,530.0,520.0,570.0,600.0,540.0
142,Nigeria,Lower middle income,Sub-Saharan Africa,Blend,710.0,680.0,550.0,560.0,510.0,510.0,360.0,310.0,310.0,390.0,440.0,440.0,460.0,470.0,530.0,630.0,710.0,870.0,1030.0,1350.0,1610.0,1960.0,2040.0,2140.0,2180.0,2440.0,2690.0,2940.0,2820.0,2430.0,2090.0,1960.0,2030.0,2000.0
143,Nicaragua,Lower middle income,Latin America & Caribbean,IDA,860.0,680.0,360.0,310.0,220.0,240.0,290.0,450.0,610.0,880.0,880.0,880.0,930.0,960.0,970.0,960.0,1000.0,1080.0,1160.0,1200.0,1290.0,1390.0,1380.0,1460.0,1570.0,1670.0,1740.0,1830.0,1890.0,1960.0,2030.0,1970.0,1900.0,1850.0
144,Netherlands,High income,Europe & Central Asia,,,,,,,,,,,,,,,,27420.0,27090.0,31030.0,37390.0,42110.0,45950.0,49150.0,52770.0,53830.0,54060.0,54590.0,52970.0,52980.0,52000.0,49850.0,46930.0,47160.0,51310.0,53060.0,
145,Norway,High income,Europe & Central Asia,,20830.0,23970.0,25080.0,26500.0,27820.0,30780.0,30210.0,30850.0,32690.0,35790.0,37910.0,36100.0,35540.0,36540.0,38220.0,39890.0,44750.0,54140.0,63830.0,70020.0,78470.0,87470.0,87830.0,88490.0,90330.0,99110.0,104190.0,104370.0,92910.0,81370.0,75650.0,80320.0,81620.0,78250.0
146,Nepal,Lower middle income,South Asia,IDA,180.0,200.0,210.0,210.0,210.0,200.0,190.0,200.0,200.0,210.0,220.0,210.0,220.0,230.0,240.0,240.0,260.0,280.0,310.0,340.0,370.0,430.0,480.0,540.0,630.0,770.0,860.0,880.0,890.0,880.0,990.0,1120.0,1230.0,1190.0
147,Nauru,High income,East Asia & Pacific,IBRD,,,,,,,,,,,,,,,,,,,,,,,,,,8870.0,13000.0,14920.0,13690.0,12730.0,12370.0,14320.0,16630.0,
148,New Zealand,High income,East Asia & Pacific,,10010.0,12550.0,13570.0,13640.0,12160.0,12050.0,12360.0,13400.0,15280.0,16730.0,17160.0,15780.0,15040.0,14080.0,13810.0,14170.0,16960.0,21500.0,25290.0,26340.0,28360.0,28010.0,29730.0,29570.0,33540.0,37210.0,40270.0,41380.0,39850.0,38910.0,38780.0,41790.0,42450.0,
149,Oman,High income,Middle East & North Africa,,5390.0,5210.0,5660.0,5710.0,6040.0,6510.0,6280.0,6160.0,6270.0,6470.0,6810.0,6530.0,6370.0,7070.0,7830.0,8000.0,8290.0,9410.0,10690.0,12660.0,14560.0,17430.0,17740.0,17600.0,17010.0,19360.0,20310.0,19010.0,17450.0,15750.0,13970.0,14110.0,14150.0,
150,Pakistan,Lower middle income,South Asia,Blend,370.0,400.0,400.0,400.0,400.0,430.0,440.0,440.0,470.0,480.0,470.0,450.0,440.0,480.0,510.0,530.0,570.0,660.0,740.0,800.0,860.0,920.0,950.0,970.0,1030.0,1120.0,1210.0,1230.0,1260.0,1310.0,1400.0,1480.0,1410.0,1280.0
151,Panama,Upper middle income,Latin America & Caribbean,IBRD,3280.0,2740.0,2570.0,2660.0,2730.0,3020.0,3260.0,3440.0,3470.0,3560.0,3600.0,3690.0,3760.0,3910.0,3840.0,3970.0,4110.0,4510.0,4790.0,5100.0,5770.0,6540.0,6900.0,7260.0,8550.0,9540.0,10630.0,11190.0,12200.0,12780.0,13750.0,14480.0,14900.0,11880.0
152,Peru,Upper middle income,Latin America & Caribbean,IBRD,950.0,790.0,790.0,840.0,1220.0,1420.0,1550.0,1760.0,1950.0,2150.0,2280.0,2150.0,2030.0,1970.0,1900.0,1960.0,2080.0,2280.0,2540.0,2810.0,3210.0,3790.0,3970.0,4410.0,4970.0,5790.0,6420.0,6530.0,6340.0,6110.0,6060.0,6470.0,6790.0,6010.0
153,Philippines,Lower middle income,East Asia & Pacific,IBRD,600.0,660.0,700.0,720.0,730.0,770.0,820.0,920.0,1020.0,1160.0,1230.0,1200.0,1180.0,1150.0,1160.0,1130.0,1170.0,1290.0,1380.0,1490.0,1720.0,2000.0,2170.0,2370.0,2520.0,2860.0,3160.0,3330.0,3380.0,3450.0,3530.0,3710.0,3850.0,3430.0
154,Palau,High income,East Asia & Pacific,IBRD,,,,,,,,,,,,,,,,9200.0,8810.0,9420.0,10350.0,10830.0,11780.0,11800.0,11090.0,11400.0,12270.0,12760.0,12870.0,14150.0,15860.0,16680.0,16650.0,17810.0,16500.0,
155,Papua New Guinea,Lower middle income,East Asia & Pacific,Blend,690.0,790.0,800.0,740.0,790.0,840.0,980.0,1030.0,950.0,930.0,850.0,720.0,630.0,570.0,510.0,480.0,470.0,540.0,650.0,790.0,1070.0,1400.0,1510.0,1740.0,1820.0,2270.0,2500.0,2990.0,2860.0,2710.0,2590.0,2600.0,2750.0,2660.0
156,Poland,High income,Europe & Central Asia,IBRD,,,,,,2080.0,2480.0,2760.0,3240.0,3830.0,4230.0,4350.0,4430.0,4670.0,4710.0,4900.0,5500.0,6250.0,7340.0,8460.0,9940.0,11980.0,12500.0,12740.0,12890.0,13160.0,13390.0,13560.0,13310.0,12720.0,12730.0,14150.0,15350.0,15270.0
157,Puerto Rico,High income,Latin America & Caribbean,,5350.0,5860.0,6050.0,5950.0,6300.0,6760.0,7100.0,7370.0,7820.0,8130.0,8510.0,8690.0,9590.0,10550.0,10950.0,11250.0,12170.0,14260.0,14750.0,15030.0,15860.0,16360.0,16580.0,16920.0,17670.0,18680.0,19170.0,19280.0,19420.0,19710.0,20000.0,21080.0,22060.0,21740.0
158,"Korea, Dem. Rep.",Low income,East Asia & Pacific,,,,,,,,,,,,,,,,,,,,,,,,,,,,,,,,,,,
159,Portugal,High income,Europe & Central Asia,,20.0,30.0,30.0,40.0,40.0,50.0,50.0,50.0,60.0,60.0,60.0,60.0,90.0,190.0,11850.0,11780.0,13290.0,16190.0,18600.0,19410.0,20860.0,22640.0,22990.0,23030.0,22770.0,21170.0,21380.0,21200.0,20460.0,19940.0,20060.0,22060.0,23170.0,22000.0
160,Paraguay,Upper middle income,Latin America & Caribbean,IBRD,,,,,,,,,1680.0,1840.0,1840.0,1730.0,1600.0,1440.0,1410.0,1330.0,1230.0,1350.0,1520.0,1840.0,2320.0,3080.0,3450.0,4070.0,4480.0,4750.0,5510.0,5810.0,5640.0,5400.0,5370.0,5600.0,5510.0,5140.0
161,West Bank and Gaza,Lower middle income,Middle East & North Africa,,,,,,,,,,,1470.0,1630.0,1780.0,1800.0,1550.0,1370.0,1190.0,1370.0,1640.0,1780.0,1710.0,1790.0,2040.0,2250.0,2510.0,2880.0,3210.0,3470.0,3560.0,3670.0,3900.0,3930.0,4190.0,4270.0,3710.0
162,French Polynesia,High income,East Asia & Pacific,,13000.0,15360.0,14940.0,15270.0,16030.0,17260.0,17400.0,17470.0,17920.0,17780.0,17250.0,16660.0,16170.0,15770.0,,,,,,,,,,,,,,,,,,,,
163,Qatar,High income,Middle East & North Africa,,,,,,,,,,,,,,,,,28400.0,30680.0,36160.0,38260.0,50810.0,58030.0,65580.0,61250.0,63620.0,66950.0,72880.0,79390.0,80890.0,73440.0,64550.0,56920.0,58830.0,61180.0,56210.0
164,Romania,Upper middle income,Europe & Central Asia,IBRD,,,,,,1250.0,1190.0,1270.0,1490.0,1640.0,1590.0,1580.0,1610.0,1710.0,1760.0,1950.0,2250.0,2960.0,3880.0,4900.0,6390.0,8800.0,9220.0,8640.0,8650.0,8760.0,9320.0,9700.0,9600.0,9620.0,10110.0,11430.0,12610.0,12570.0
165,Russia,Upper middle income,Europe & Central Asia,IBRD,,,,,3440.0,3090.0,2920.0,2650.0,2640.0,2600.0,2650.0,2130.0,1750.0,1710.0,1780.0,2100.0,2590.0,3410.0,4450.0,5810.0,7560.0,9580.0,9230.0,9980.0,11060.0,13490.0,15190.0,14630.0,11780.0,9730.0,9210.0,10250.0,11250.0,10690.0
166,Rwanda,Low income,Sub-Saharan Africa,IDA,320.0,350.0,350.0,350.0,320.0,340.0,310.0,150.0,210.0,220.0,260.0,260.0,280.0,280.0,270.0,260.0,250.0,270.0,320.0,360.0,410.0,490.0,550.0,600.0,650.0,700.0,720.0,740.0,750.0,740.0,730.0,780.0,830.0,780.0
167,Saudi Arabia,High income,Middle East & North Africa,,7700.0,7630.0,7080.0,7390.0,8310.0,8500.0,8050.0,7720.0,7810.0,8030.0,8230.0,8010.0,7650.0,8150.0,8520.0,8370.0,9480.0,11040.0,12650.0,14160.0,15800.0,18460.0,17900.0,18750.0,20880.0,24040.0,25440.0,25550.0,23710.0,21610.0,19990.0,21610.0,22840.0,21930.0
168,Sudan,Low income,Sub-Saharan Africa,IDA,790.0,780.0,720.0,530.0,450.0,340.0,310.0,320.0,400.0,400.0,380.0,340.0,330.0,340.0,350.0,380.0,430.0,500.0,600.0,700.0,910.0,1080.0,1150.0,1320.0,1360.0,1520.0,1400.0,1490.0,1540.0,1500.0,1310.0,1040.0,820.0,650.0
169,Senegal,Lower middle income,Sub-Saharan Africa,IDA,830.0,950.0,940.0,920.0,930.0,980.0,930.0,770.0,740.0,700.0,710.0,690.0,690.0,670.0,650.0,630.0,730.0,870.0,990.0,1030.0,1100.0,1250.0,1330.0,1330.0,1300.0,1320.0,1340.0,1370.0,1320.0,1270.0,1280.0,1390.0,1430.0,1430.0
170,Singapore,High income,East Asia & Pacific,,8080.0,9320.0,10320.0,11450.0,12970.0,15270.0,17710.0,20780.0,23630.0,25620.0,27730.0,24010.0,23360.0,23680.0,22130.0,22000.0,23440.0,26150.0,28820.0,32550.0,36010.0,37230.0,37320.0,44930.0,48290.0,51740.0,54480.0,56380.0,53160.0,53060.0,54460.0,56900.0,58390.0,54920.0
171,Solomon Islands,Lower middle income,East Asia & Pacific,IDA,590.0,600.0,590.0,630.0,660.0,800.0,860.0,1000.0,1200.0,1320.0,1310.0,1230.0,1160.0,980.0,920.0,830.0,860.0,900.0,980.0,1040.0,1120.0,1230.0,1310.0,1470.0,1620.0,1820.0,2160.0,2200.0,2130.0,2150.0,2220.0,2360.0,2370.0,2300.0
172,Sierra Leone,Low income,Sub-Saharan Africa,IDA,180.0,170.0,210.0,190.0,170.0,130.0,160.0,160.0,180.0,210.0,200.0,170.0,150.0,140.0,150.0,200.0,270.0,280.0,290.0,300.0,360.0,420.0,440.0,420.0,430.0,530.0,660.0,700.0,550.0,490.0,520.0,490.0,540.0,490.0
173,El Salvador,Lower middle income,Latin America & Caribbean,IBRD,820.0,860.0,860.0,900.0,930.0,1060.0,1170.0,1290.0,1480.0,1590.0,1690.0,1750.0,1810.0,1900.0,1950.0,2000.0,2130.0,2270.0,2420.0,2570.0,2680.0,2870.0,2820.0,2880.0,3060.0,3210.0,3350.0,3400.0,3440.0,3510.0,3600.0,3820.0,3990.0,3650.0
174,San Marino,High income,Europe & Central Asia,,,,,,,,,,,,,,,,,,,,,,,,,,,,,,,,,,,
175,Somalia,Low income,Sub-Saharan Africa,IDA,150.0,150.0,150.0,130.0,,,,,,,,,,,,,,,,,,,,,,,,,290.0,290.0,290.0,310.0,320.0,310.0
176,Serbia,Upper middle income,Europe & Central Asia,IBRD,,,,,,,,,,,2990.0,2990.0,2610.0,1610.0,1540.0,1520.0,2390.0,3250.0,3830.0,4200.0,4830.0,6030.0,6450.0,6220.0,6190.0,6080.0,6460.0,6240.0,5960.0,5700.0,5570.0,6410.0,7030.0,7400.0
177,South Sudan,Low income,Sub-Saharan Africa,IDA,,,,,,,,,,,,,,,,,,,,,,,,,810.0,850.0,1160.0,1250.0,1090.0,,,,,
178,Sao Tome & Principe,Lower middle income,Sub-Saharan Africa,IDA,,,,,,,,,,,,,,,,,600.0,700.0,820.0,940.0,960.0,1020.0,1060.0,1130.0,1180.0,1230.0,1430.0,1630.0,1650.0,1690.0,1700.0,1870.0,1950.0,2070.0
179,Suriname,Upper middle income,Latin America & Caribbean,IBRD,2520.0,2980.0,2230.0,1420.0,1140.0,1040.0,970.0,1100.0,1320.0,1630.0,1840.0,2050.0,1950.0,1970.0,1670.0,1930.0,2200.0,2820.0,3320.0,4040.0,5050.0,6330.0,6960.0,7620.0,7920.0,8550.0,8950.0,9260.0,8890.0,6930.0,5930.0,5960.0,6340.0,5510.0
180,Slovakia,High income,Europe & Central Asia,,,,,,,,,,,,,,,,,,,,,,,,,,17480.0,17810.0,18260.0,18320.0,17680.0,16800.0,16620.0,18330.0,19220.0,18700.0
181,Slovenia,High income,Europe & Central Asia,,,,,,,,,,,,,,,,,,,,,,,,24450.0,24620.0,24630.0,23260.0,23240.0,23620.0,22270.0,21790.0,22140.0,24610.0,25940.0,
182,Sweden,High income,Europe & Central Asia,,19360.0,24190.0,26090.0,27760.0,29110.0,31340.0,28200.0,27690.0,28070.0,30400.0,31390.0,31110.0,31300.0,31610.0,29720.0,29090.0,32750.0,39790.0,45770.0,49150.0,52310.0,55720.0,52640.0,54630.0,56700.0,59090.0,61800.0,61870.0,58420.0,54360.0,53030.0,55640.0,56090.0,53800.0
183,Eswatini,Lower middle income,Sub-Saharan Africa,IBRD,,,,1290.0,1350.0,1570.0,1580.0,1570.0,1820.0,1930.0,1960.0,1740.0,1730.0,1670.0,1700.0,1570.0,1700.0,2160.0,3080.0,3300.0,3480.0,3360.0,3320.0,3460.0,3860.0,4310.0,4420.0,4130.0,3800.0,3450.0,3390.0,3620.0,3670.0,3580.0
184,Sint Maarten (Dutch part),High income,Latin America & Caribbean,,,,,,,,,,,,,,,,,,,,,,,,,,,,27540.0,28670.0,29560.0,30890.0,28210.0,27680.0,,
185,Seychelles,High income,Sub-Saharan Africa,IBRD,3200.0,3970.0,4540.0,5030.0,5200.0,6000.0,6390.0,6530.0,6460.0,6740.0,7330.0,7320.0,7290.0,7290.0,7310.0,6850.0,7490.0,9280.0,11140.0,12580.0,12280.0,11180.0,10230.0,10220.0,10570.0,11540.0,12700.0,13350.0,14020.0,13840.0,14350.0,15440.0,15930.0,12720.0
186,Syria,Low income,Middle East & North Africa,IDA,1270.0,1190.0,890.0,910.0,990.0,1110.0,1070.0,970.0,900.0,850.0,850.0,920.0,890.0,970.0,1110.0,1210.0,1240.0,1380.0,1510.0,1620.0,1820.0,,,,,,,,,,,,,
187,Turks and Caicos Islands,High income,Latin America & Caribbean,,,,,,,,,,,,,,,,,,,,,,,,,,,,,23280.0,25530.0,27300.0,26200.0,28340.0,30700.0,
188,Chad,Low income,Sub-Saharan Africa,IDA,210.0,270.0,270.0,270.0,290.0,330.0,240.0,220.0,210.0,200.0,210.0,220.0,200.0,180.0,190.0,200.0,210.0,340.0,470.0,530.0,630.0,700.0,830.0,910.0,890.0,960.0,970.0,980.0,880.0,730.0,640.0,680.0,700.0,660.0
189,Togo,Low income,Sub-Saharan Africa,IDA,310.0,390.0,400.0,400.0,400.0,420.0,330.0,310.0,300.0,310.0,350.0,330.0,310.0,310.0,290.0,300.0,350.0,390.0,400.0,410.0,420.0,470.0,530.0,560.0,610.0,590.0,620.0,640.0,640.0,670.0,720.0,880.0,920.0,920.0
190,Thailand,Upper middle income,East Asia & Pacific,IBRD,950.0,1160.0,1320.0,1490.0,1660.0,1880.0,2130.0,2400.0,2740.0,2950.0,2680.0,2080.0,1980.0,1980.0,1960.0,1990.0,2180.0,2530.0,2790.0,3100.0,3530.0,3970.0,4140.0,4580.0,4950.0,5520.0,5720.0,5760.0,5710.0,5700.0,5970.0,6610.0,7260.0,7050.0
191,Tajikistan,Lower middle income,Europe & Central Asia,IDA,,,,,,280.0,240.0,220.0,210.0,170.0,170.0,180.0,180.0,170.0,160.0,170.0,210.0,270.0,380.0,470.0,580.0,750.0,800.0,920.0,1020.0,1150.0,1330.0,1350.0,1260.0,1110.0,1030.0,1030.0,1070.0,1060.0
192,Turkmenistan,Upper middle income,Europe & Central Asia,IBRD,,,,,,,840.0,530.0,620.0,610.0,550.0,560.0,620.0,600.0,650.0,750.0,990.0,1310.0,1590.0,1890.0,2320.0,3040.0,3550.0,4070.0,4730.0,5560.0,6510.0,7200.0,7030.0,6830.0,6380.0,6740.0,7220.0,
193,Timor-Leste,Lower middle income,East Asia & Pacific,Blend,,,,,,,,,,,,,,,,750.0,670.0,780.0,930.0,1310.0,1840.0,2970.0,2330.0,2850.0,3710.0,3630.0,3200.0,2690.0,2200.0,1750.0,1780.0,1800.0,2020.0,1830.0
194,Tonga,Upper middle income,East Asia & Pacific,IDA,870.0,1070.0,1160.0,1220.0,1350.0,1450.0,1530.0,1820.0,2090.0,2370.0,2340.0,2240.0,2170.0,2080.0,2030.0,2000.0,2000.0,2160.0,2410.0,2720.0,2900.0,3270.0,3180.0,3370.0,3810.0,4320.0,4540.0,4600.0,4440.0,4410.0,4590.0,4800.0,5000.0,
195,Trinidad and Tobago,High income,Latin America & Caribbean,IBRD,4280.0,3930.0,3630.0,3710.0,3890.0,4420.0,4080.0,3880.0,3970.0,4230.0,4500.0,4620.0,4890.0,5400.0,6070.0,6760.0,8070.0,9700.0,11190.0,13280.0,15000.0,17350.0,16200.0,16460.0,14970.0,16840.0,18750.0,18560.0,18910.0,16880.0,15980.0,15990.0,16580.0,15410.0
196,Tunisia,Lower middle income,Middle East & North Africa,IBRD,1270.0,1330.0,1290.0,1410.0,1460.0,1680.0,1660.0,1710.0,1790.0,1970.0,2120.0,2150.0,2260.0,2270.0,2240.0,2180.0,2450.0,2900.0,3160.0,3330.0,3540.0,3860.0,4070.0,4130.0,3990.0,4100.0,4160.0,4160.0,3960.0,3760.0,3520.0,3500.0,3340.0,3100.0
197,Turkey,Upper middle income,Europe & Central Asia,IBRD,1740.0,1860.0,1920.0,2310.0,2590.0,2940.0,3140.0,2680.0,2850.0,2920.0,3190.0,3440.0,3590.0,4320.0,3580.0,3590.0,3950.0,5270.0,6820.0,7880.0,8950.0,9850.0,9640.0,10490.0,11310.0,11960.0,12600.0,12630.0,12030.0,11260.0,10970.0,10510.0,9690.0,9050.0
198,Tuvalu,Upper middle income,East Asia & Pacific,IDA,,,,,,,,,,,,,,,2710.0,3310.0,2490.0,3240.0,3630.0,3780.0,4500.0,4660.0,4830.0,4400.0,4730.0,4430.0,5560.0,4670.0,5440.0,5060.0,4810.0,5440.0,5620.0,5820.0
199,Tanzania,Lower middle income,Sub-Saharan Africa,IDA,,,,200.0,190.0,180.0,170.0,160.0,170.0,190.0,220.0,270.0,330.0,410.0,410.0,420.0,430.0,470.0,500.0,520.0,540.0,600.0,670.0,720.0,770.0,810.0,890.0,970.0,980.0,970.0,970.0,1030.0,1100.0,1080.0
200,Uganda,Low income,Sub-Saharan Africa,IDA,310.0,400.0,400.0,320.0,250.0,190.0,180.0,180.0,230.0,280.0,300.0,290.0,290.0,270.0,250.0,250.0,260.0,280.0,310.0,350.0,390.0,430.0,550.0,680.0,850.0,830.0,800.0,820.0,830.0,790.0,740.0,750.0,780.0,800.0
201,Ukraine,Lower middle income,Europe & Central Asia,IBRD,,,1620.0,1610.0,2280.0,2090.0,1820.0,990.0,920.0,860.0,890.0,850.0,760.0,700.0,730.0,790.0,980.0,1270.0,1540.0,1950.0,2590.0,3210.0,2840.0,2980.0,3110.0,3500.0,3800.0,3560.0,2650.0,2310.0,2380.0,2800.0,3370.0,3540.0
202,Uruguay,High income,Latin America & Caribbean,IBRD,2210.0,2600.0,2730.0,2840.0,3180.0,3830.0,4350.0,5040.0,5530.0,6160.0,6970.0,7240.0,7260.0,7060.0,6500.0,5140.0,4250.0,4130.0,4720.0,5390.0,6390.0,7710.0,8810.0,10440.0,12060.0,13330.0,15330.0,15790.0,15620.0,15440.0,15920.0,17270.0,17740.0,15830.0
203,United States,High income,North America,,21390.0,23490.0,23770.0,24060.0,24270.0,25680.0,26390.0,27650.0,29040.0,30270.0,31270.0,32030.0,33670.0,35960.0,36710.0,37320.0,39770.0,43510.0,46190.0,47870.0,48500.0,48980.0,47740.0,48990.0,50580.0,52760.0,53930.0,55840.0,56740.0,57270.0,59460.0,63510.0,65910.0,
204,Uzbekistan,Lower middle income,Europe & Central Asia,Blend,,,,,,600.0,590.0,570.0,580.0,600.0,610.0,620.0,650.0,630.0,560.0,450.0,420.0,460.0,530.0,610.0,770.0,980.0,1150.0,1390.0,1670.0,2040.0,2300.0,2470.0,2600.0,2650.0,2350.0,2020.0,1800.0,1670.0
205,St. Vincent & Grenadines,Upper middle income,Latin America & Caribbean,Blend,1660.0,1950.0,2030.0,2150.0,2200.0,2480.0,2710.0,2660.0,2890.0,3000.0,3070.0,3190.0,3310.0,3470.0,3650.0,3950.0,4380.0,4730.0,4960.0,5470.0,5910.0,6260.0,6320.0,6090.0,6130.0,6400.0,6550.0,6390.0,6560.0,6800.0,6990.0,7400.0,7460.0,7340.0
206,Venezuela,,Latin America & Caribbean,IBRD,3350.0,3400.0,2560.0,2670.0,2690.0,2870.0,2850.0,2740.0,3040.0,3100.0,3470.0,3420.0,3570.0,4120.0,4600.0,3990.0,3490.0,4110.0,4980.0,6130.0,7630.0,9400.0,10380.0,11810.0,11980.0,12710.0,11970.0,13080.0,,,,,,
207,British Virgin Islands,High income,Latin America & Caribbean,,,,,,,,,,,,,,,,,,,,,,,,,,,,,,,,,,,
208,Virgin Islands (U.S.),High income,Latin America & Caribbean,,,,,,,,,,,,,,,,,,,,,,,,,,,,,,,,,,,
209,Vietnam,Lower middle income,East Asia & Pacific,IBRD,,,210.0,130.0,110.0,130.0,160.0,190.0,250.0,300.0,330.0,340.0,360.0,410.0,430.0,450.0,500.0,580.0,630.0,720.0,840.0,980.0,1010.0,1250.0,1370.0,1540.0,1720.0,1880.0,1970.0,2080.0,2130.0,2380.0,2590.0,2660.0
210,Vanuatu,Lower middle income,East Asia & Pacific,IDA,890.0,990.0,1110.0,1240.0,1120.0,1150.0,1150.0,1210.0,1240.0,1330.0,1390.0,1450.0,1430.0,1430.0,1370.0,1230.0,1360.0,1590.0,1780.0,1990.0,2100.0,2460.0,2530.0,2600.0,2800.0,2830.0,3000.0,2970.0,2780.0,2750.0,2860.0,3110.0,3360.0,2780.0
211,Samoa,Lower middle income,East Asia & Pacific,IDA,530.0,550.0,580.0,570.0,540.0,,,,,,,,,,,1520.0,1660.0,1990.0,2320.0,2560.0,2850.0,3060.0,3030.0,3240.0,3520.0,3660.0,3800.0,3820.0,3960.0,4110.0,4070.0,4030.0,4200.0,4070.0
212,Kosovo,Upper middle income,Europe & Central Asia,IDA,,,,,,,,,,,,,,,,,,1940.0,2270.0,2470.0,2690.0,3070.0,3290.0,3420.0,3640.0,3780.0,3960.0,4020.0,4010.0,3970.0,3960.0,4340.0,4690.0,4440.0
213,Yemen,Low income,Middle East & North Africa,IDA,,,,,,510.0,460.0,380.0,320.0,300.0,330.0,370.0,380.0,430.0,480.0,520.0,550.0,610.0,700.0,810.0,890.0,1010.0,1100.0,1200.0,1080.0,1260.0,1440.0,1460.0,1200.0,1150.0,1070.0,940.0,,
214,South Africa,Upper middle income,Sub-Saharan Africa,IBRD,2210.0,2670.0,2830.0,2860.0,3000.0,3250.0,3380.0,3510.0,3640.0,3660.0,3600.0,3230.0,3130.0,3070.0,2860.0,2670.0,2920.0,3720.0,4990.0,5630.0,5910.0,5980.0,5850.0,6190.0,6990.0,7570.0,7350.0,6760.0,6050.0,5470.0,5410.0,5750.0,6040.0,5410.0
215,Zambia,Lower middle income,Sub-Saharan Africa,IDA,260.0,330.0,400.0,430.0,390.0,360.0,380.0,350.0,380.0,400.0,400.0,360.0,350.0,330.0,350.0,360.0,410.0,460.0,560.0,720.0,900.0,1180.0,1280.0,1340.0,1420.0,1690.0,1760.0,1800.0,1580.0,1370.0,1300.0,1440.0,1430.0,1190.0
216,Zimbabwe,Lower middle income,Sub-Saharan Africa,Blend,700.0,810.0,840.0,860.0,850.0,700.0,640.0,630.0,620.0,690.0,700.0,620.0,570.0,510.0,540.0,490.0,440.0,450.0,460.0,440.0,420.0,330.0,420.0,630.0,920.0,1110.0,1210.0,1260.0,1280.0,1290.0,1390.0,1410.0,1200.0,1090.0
